"","snpID","snp_character","direction","forward_primer","forward_hairpin","forward_selfdimer","forward_temp","reverse_primer","reverse_hairpin","reverse_selfdimer","reverse_temp","heterodimer","match"
"1","rs1121980","A","LEFT","CCTAGTCACGTGTCTTGGTACTGTA",Inf,-5727.16447155521,55.6008001965677,"ATCCTGCATGTAATGAGGAGCCT",-480.655995626024,410.789528450987,55.4517981900099,-1820.70949343748,FALSE
"2","rs1121980","A","LEFT","CCTAGTCACGTGTCTTGGTACTGTA",Inf,-5727.16447155521,55.6008001965677,"TATCCTGCATGTAATGAGGAGCCT",-480.655995626024,410.789528450987,55.1590599757158,-1820.70949343748,FALSE
"3","rs1121980","A","LEFT","CCTAGTCACGTGTCTTGGTACTGTA",Inf,-5727.16447155521,55.6008001965677,"CTATCCTGCATGTAATGAGGAGCCT",-480.655995626024,410.789528450987,55.98273512618,-1820.70949343748,FALSE
"4","rs1121980","A","LEFT","CCTAGTCACGTGTCTTGGTACTGTA",Inf,-5727.16447155521,55.6008001965677,"CTATCCTGCATGTAATGAGGAGCC",-480.655995626024,410.789528450987,54.9279639313313,-1820.70949343748,FALSE
"5","rs1121980","A","LEFT","CCTAGTCACGTGTCTTGGTACTATA",Inf,-5727.16447155521,53.2461022616221,"TATCCTGCATGTAATGAGGAGCC",-480.655995626024,410.789528450987,54.0239162422122,-1820.70949343748,FALSE
"6","rs1121980","A","LEFT","CCTAGTCACGTGTCTTGGTACTCTA",Inf,-5727.16447155521,55.1328892156921,"ATCCTGCATGTAATGAGGAGCCT",-480.655995626024,410.789528450987,55.4517981900099,-2621.28099125205,FALSE
"7","rs1121980","A","LEFT","CCTAGTCACGTGTCTTGGTACTCTA",Inf,-5727.16447155521,55.1328892156921,"TATCCTGCATGTAATGAGGAGCCT",-480.655995626024,410.789528450987,55.1590599757158,-2621.28099125205,FALSE
"8","rs1121980","A","LEFT","CCTAGTCACGTGTCTTGGTACTCTA",Inf,-5727.16447155521,55.1328892156921,"CTATCCTGCATGTAATGAGGAGCCT",-480.655995626024,410.789528450987,55.98273512618,-2621.28099125205,FALSE
"9","rs1121980","A","LEFT","CCTAGTCACGTGTCTTGGTACTCTA",Inf,-5727.16447155521,55.1328892156921,"ATCCTGCATGTAATGAGGAGCC",-480.655995626024,410.789528450987,54.2758387822034,-2621.28099125205,FALSE
"10","rs1121980","A","LEFT","CCTAGTCACGTGTCTTGGTACTCTA",Inf,-5727.16447155521,55.1328892156921,"CTATCCTGCATGTAATGAGGAGCC",-480.655995626024,410.789528450987,54.9279639313313,-2621.28099125205,FALSE
"11","rs1121980","A","RIGHT","CAGGTGGATCTGAAATCTCAT",276.195504373976,-2642.89949344059,49.2150919677619,"AAATAATAGTGTTTACCTTTTCATCCT",Inf,865.18651969685,49.5652412513147,-2056.91298468334,TRUE
"12","rs1121980","A","RIGHT","GCAGGTGGATCTGAAATCTTAT",276.195504373976,-2642.89949344059,50.0527285064583,"AAATAATAGTGTTTACCTTTTCATCCTC",Inf,865.18651969685,50.5712345338309,-2056.91298468334,TRUE
"13","rs1121980","A","RIGHT","GCAGGTGGATCTGAAATCTTAT",276.195504373976,-2642.89949344059,50.0527285064583,"AAATAATAGTGTTTACCTTTTCATCCT",Inf,865.18651969685,49.5652412513147,-2056.91298468334,TRUE
"14","rs1121980","A","RIGHT","GCAGGTGGATCTGAAATCTCAT",276.195504373976,-2642.89949344059,52.2808740522585,"GGGTCTGAGAAATAATAGTGTTTACCTT",Inf,1844.83953282188,53.1731473769772,-2968.07599124584,FALSE
"15","rs1121980","A","RIGHT","GCAGGTGGATCTGAAATCTCAT",276.195504373976,-2642.89949344059,52.2808740522585,"GGGTCTGAGAAATAATAGTGTTTACCT",Inf,1844.83953282188,52.6993801971779,-2968.07599124584,FALSE
"16","rs1121980","A","RIGHT","GCAGGTGGATCTGAAATCTCAT",276.195504373976,-2642.89949344059,52.2808740522585,"AAATAATAGTGTTTACCTTTTCATCCTCT",Inf,865.18651969685,51.5924891105503,-2056.91298468334,FALSE
"17","rs1121980","A","RIGHT","GCAGGTGGATCTGAAATCTAAT",276.195504373976,-2642.89949344059,50.0527285064583,"AAATAATAGTGTTTACCTTTTCATCCTC",Inf,865.18651969685,50.5712345338309,-2056.91298468334,TRUE
"18","rs1121980","A","RIGHT","GCAGGTGGATCTGAAATCTAAT",276.195504373976,-2642.89949344059,50.0527285064583,"AAATAATAGTGTTTACCTTTTCATCCT",Inf,865.18651969685,49.5652412513147,-2056.91298468334,TRUE
"19","rs1121980","A","RIGHT","GGCAGGTGGATCTGAAATCTTAT",276.195504373976,-2642.89949344059,52.3197138905193,"GGGTCTGAGAAATAATAGTGTTTACCTT",Inf,1844.83953282188,53.1731473769772,-2962.24449343438,FALSE
"20","rs1121980","A","RIGHT","GGCAGGTGGATCTGAAATCTTAT",276.195504373976,-2642.89949344059,52.3197138905193,"GGGTCTGAGAAATAATAGTGTTTACCT",Inf,1844.83953282188,52.6993801971779,-2634.42449343438,FALSE
"21","rs1121980","A","RIGHT","GGCAGGTGGATCTGAAATCTTAT",276.195504373976,-2642.89949344059,52.3197138905193,"AAATAATAGTGTTTACCTTTTCATCCTCT",Inf,865.18651969685,51.5924891105503,-2056.91298468334,FALSE
"22","rs1121980","A","RIGHT","GGCAGGTGGATCTGAAATCTCAT",276.195504373976,-2642.89949344059,54.4546334387063,"GGGTCTGAGAAATAATAGTGTTTACCTTT",Inf,1844.83953282188,53.6140148701351,-2968.07599124584,FALSE
"23","rs1121980","A","RIGHT","GGCAGGTGGATCTGAAATCTCAT",276.195504373976,-2642.89949344059,54.4546334387063,"AGGGTCTGAGAAATAATAGTGTTTACCTT",Inf,1844.83953282188,54.1370535478387,-2968.07599124584,FALSE
"24","rs1121980","A","RIGHT","GGCAGGTGGATCTGAAATCTCAT",276.195504373976,-2642.89949344059,54.4546334387063,"AGGGTCTGAGAAATAATAGTGTTTACCT",Inf,1844.83953282188,53.7096559945745,-2968.07599124584,FALSE
"25","rs1121980","A","RIGHT","GGCAGGTGGATCTGAAATCTCAT",276.195504373976,-2642.89949344059,54.4546334387063,"AAGGGTCTGAGAAATAATAGTGTTTACCT",Inf,1844.83953282188,54.1370535478387,-2968.07599124584,FALSE
"26","rs1121980","C","LEFT","CCTAGTCACGTGTCTTGGTACTGTC",Inf,-5727.16447155521,56.6635315403826,"CTATCCTGCATGTAATGAGGAGCCT",-480.655995626024,410.789528450987,55.98273512618,-1820.70949343748,FALSE
"27","rs1121980","C","LEFT","CCTAGTCACGTGTCTTGGTACTGTC",Inf,-5727.16447155521,56.6635315403826,"TCTATCCTGCATGTAATGAGGAGCCT",-480.655995626024,410.789528450987,56.9901122423465,-1820.70949343748,FALSE
"28","rs1121980","C","LEFT","CCTAGTCACGTGTCTTGGTACTGTC",Inf,-5727.16447155521,56.6635315403826,"TTCTATCCTGCATGTAATGAGGAGCCT",-480.655995626024,410.789528450987,57.3237025812444,-1820.70949343748,FALSE
"29","rs1121980","C","LEFT","CCTAGTCACGTGTCTTGGTACTGTC",Inf,-5727.16447155521,56.6635315403826,"ATTCTATCCTGCATGTAATGAGGAGCCT",-480.655995626024,410.789528450987,57.4701796549796,-1820.70949343748,FALSE
"30","rs1121980","C","LEFT","CCTAGTCACGTGTCTTGGTACTATC",Inf,-5727.16447155521,54.3457860418007,"TATCCTGCATGTAATGAGGAGCCT",-480.655995626024,410.789528450987,55.1590599757158,-1820.70949343748,FALSE
"31","rs1121980","C","LEFT","CCTAGTCACGTGTCTTGGTACTATC",Inf,-5727.16447155521,54.3457860418007,"ATCCTGCATGTAATGAGGAGCC",-480.655995626024,410.789528450987,54.2758387822034,-1820.70949343748,FALSE
"32","rs1121980","C","LEFT","CCTAGTCACGTGTCTTGGTACTATC",Inf,-5727.16447155521,54.3457860418007,"TATCCTGCATGTAATGAGGAGCC",-480.655995626024,410.789528450987,54.0239162422122,-1820.70949343748,FALSE
"33","rs1121980","C","LEFT","CCTAGTCACGTGTCTTGGTACTATC",Inf,-5727.16447155521,54.3457860418007,"CTATCCTGCATGTAATGAGGAGCC",-480.655995626024,410.789528450987,54.9279639313313,-1820.70949343748,FALSE
"34","rs1121980","C","LEFT","CCTAGTCACGTGTCTTGGTACTCTC",Inf,-5727.16447155521,56.2051270752927,"ATCCTGCATGTAATGAGGAGCCT",-480.655995626024,410.789528450987,55.4517981900099,-2621.28099125205,FALSE
"35","rs1121980","C","LEFT","CCTAGTCACGTGTCTTGGTACTCTC",Inf,-5727.16447155521,56.2051270752927,"CTATCCTGCATGTAATGAGGAGCCT",-480.655995626024,410.789528450987,55.98273512618,-2621.28099125205,FALSE
"36","rs1121980","C","LEFT","CCTAGTCACGTGTCTTGGTACTCTC",Inf,-5727.16447155521,56.2051270752927,"TCTATCCTGCATGTAATGAGGAGCCT",-480.655995626024,410.789528450987,56.9901122423465,-2621.28099125205,FALSE
"37","rs1121980","C","RIGHT","CAGGTGGATCTGAAATCTCAG",-857.550995626025,-772.218480309341,49.9842194377078,"AAATAATAGTGTTTACCTTTTCATCCTC",Inf,865.18651969685,50.5712345338309,-2056.91298468334,TRUE
"38","rs1121980","C","RIGHT","CAGGTGGATCTGAAATCTCAG",-857.550995626025,-772.218480309341,49.9842194377078,"AAATAATAGTGTTTACCTTTTCATCCT",Inf,865.18651969685,49.5652412513147,-2056.91298468334,TRUE
"39","rs1121980","C","RIGHT","GCAGGTGGATCTGAAATCTCAG",-857.550995626025,-772.218480309341,52.9684566266142,"GGGTCTGAGAAATAATAGTGTTTACCTTT",Inf,1844.83953282188,53.6140148701351,-4246.2824890604,FALSE
"40","rs1121980","C","RIGHT","GCAGGTGGATCTGAAATCTCAG",-857.550995626025,-772.218480309341,52.9684566266142,"GGGTCTGAGAAATAATAGTGTTTACCTT",Inf,1844.83953282188,53.1731473769772,-4246.2824890604,FALSE
"41","rs1121980","C","RIGHT","GCAGGTGGATCTGAAATCTCAG",-857.550995626025,-772.218480309341,52.9684566266142,"GGGTCTGAGAAATAATAGTGTTTACCT",Inf,1844.83953282188,52.6993801971779,-4246.2824890604,FALSE
"42","rs1121980","C","RIGHT","GCAGGTGGATCTGAAATCTCAG",-857.550995626025,-772.218480309341,52.9684566266142,"AGGGTCTGAGAAATAATAGTGTTTACCT",Inf,1844.83953282188,53.7096559945745,-4246.2824890604,FALSE
"43","rs1121980","C","RIGHT","GGCAGGTGGATCTGAAATCTCAG",-857.550995626025,-772.218480309341,55.0856503760984,"AGGGTCTGAGAAATAATAGTGTTTACCTT",Inf,1844.83953282188,54.1370535478387,-4246.2824890604,FALSE
"44","rs1121980","C","RIGHT","GGCAGGTGGATCTGAAATCTCAG",-857.550995626025,-772.218480309341,55.0856503760984,"AAGGGTCTGAGAAATAATAGTGTTTACCT",Inf,1844.83953282188,54.1370535478387,-4246.2824890604,FALSE
"45","rs1121980","C","RIGHT","AGGTAGGCAGGTGGATCTGAAATCTCAG",-857.550995626025,-772.218480309341,59.3989961613497,"ACCTTTTCATCCTCTGCACCATAGGAAGG",403.91451093959,1200.82853719893,60.0208619114696,-3305.83446936666,FALSE
"46","rs1121980","G","LEFT","CCTAGTCACGTGTCTTGGTACTGTG",Inf,-5727.16447155521,56.8891694899217,"CTATCCTGCATGTAATGAGGAGCCT",-480.655995626024,410.789528450987,55.98273512618,-1820.70949343748,FALSE
"47","rs1121980","G","LEFT","CCTAGTCACGTGTCTTGGTACTGTG",Inf,-5727.16447155521,56.8891694899217,"TCTATCCTGCATGTAATGAGGAGCCT",-480.655995626024,410.789528450987,56.9901122423465,-1820.70949343748,FALSE
"48","rs1121980","G","LEFT","CCTAGTCACGTGTCTTGGTACTGTG",Inf,-5727.16447155521,56.8891694899217,"TTCTATCCTGCATGTAATGAGGAGCCT",-480.655995626024,410.789528450987,57.3237025812444,-1820.70949343748,FALSE
"49","rs1121980","G","LEFT","CCTAGTCACGTGTCTTGGTACTGTG",Inf,-5727.16447155521,56.8891694899217,"ATTCTATCCTGCATGTAATGAGGAGCCT",-480.655995626024,410.789528450987,57.4701796549796,-1820.70949343748,FALSE
"50","rs1121980","G","LEFT","CCTAGTCACGTGTCTTGGTACTATG",Inf,-5727.16447155521,54.5746593136638,"ATCCTGCATGTAATGAGGAGCCT",-480.655995626024,410.789528450987,55.4517981900099,-1820.70949343748,FALSE
"51","rs1121980","G","LEFT","CCTAGTCACGTGTCTTGGTACTATG",Inf,-5727.16447155521,54.5746593136638,"TATCCTGCATGTAATGAGGAGCCT",-480.655995626024,410.789528450987,55.1590599757158,-1820.70949343748,FALSE
"52","rs1121980","G","LEFT","CCTAGTCACGTGTCTTGGTACTATG",Inf,-5727.16447155521,54.5746593136638,"ATCCTGCATGTAATGAGGAGCC",-480.655995626024,410.789528450987,54.2758387822034,-1820.70949343748,FALSE
"53","rs1121980","G","LEFT","CCTAGTCACGTGTCTTGGTACTATG",Inf,-5727.16447155521,54.5746593136638,"TATCCTGCATGTAATGAGGAGCC",-480.655995626024,410.789528450987,54.0239162422122,-1820.70949343748,FALSE
"54","rs1121980","G","LEFT","CCTAGTCACGTGTCTTGGTACTATG",Inf,-5727.16447155521,54.5746593136638,"CTATCCTGCATGTAATGAGGAGCC",-480.655995626024,410.789528450987,54.9279639313313,-1820.70949343748,FALSE
"55","rs1121980","G","RIGHT","AGGTGGATCTGAAATCTCAC",Inf,-2642.89949344059,48.634260010941,"AAATAATAGTGTTTACCTTTTCATCCT",Inf,865.18651969685,49.5652412513147,-2056.91298468334,TRUE
"56","rs1121980","G","RIGHT","CAGGTGGATCTGAAATCTCAC",276.195504373976,-2642.89949344059,50.2803871568095,"AAATAATAGTGTTTACCTTTTCATCCTC",Inf,865.18651969685,50.5712345338309,-2056.91298468334,TRUE
"57","rs1121980","G","RIGHT","CAGGTGGATCTGAAATCTCAC",276.195504373976,-2642.89949344059,50.2803871568095,"AAATAATAGTGTTTACCTTTTCATCCT",Inf,865.18651969685,49.5652412513147,-2056.91298468334,TRUE
"58","rs1121980","G","RIGHT","GCAGGTGGATCTGAAATCTTAC",276.195504373976,-2642.89949344059,51.0546159187116,"AAATAATAGTGTTTACCTTTTCATCCTCT",Inf,865.18651969685,51.5924891105503,-2056.91298468334,TRUE
"59","rs1121980","G","RIGHT","GCAGGTGGATCTGAAATCTTAC",276.195504373976,-2642.89949344059,51.0546159187116,"AAATAATAGTGTTTACCTTTTCATCCTC",Inf,865.18651969685,50.5712345338309,-2056.91298468334,TRUE
"60","rs1121980","G","RIGHT","GCAGGTGGATCTGAAATCTCAC",276.195504373976,-2642.89949344059,53.2422332116267,"GGGTCTGAGAAATAATAGTGTTTACCTTT",Inf,1844.83953282188,53.6140148701351,-2622.02099124584,FALSE
"61","rs1121980","G","RIGHT","GCAGGTGGATCTGAAATCTCAC",276.195504373976,-2642.89949344059,53.2422332116267,"GGGTCTGAGAAATAATAGTGTTTACCTT",Inf,1844.83953282188,53.1731473769772,-2622.02099124584,FALSE
"62","rs1121980","G","RIGHT","GCAGGTGGATCTGAAATCTCAC",276.195504373976,-2642.89949344059,53.2422332116267,"AGGGTCTGAGAAATAATAGTGTTTACCTT",Inf,1844.83953282188,54.1370535478387,-2622.02099124584,FALSE
"63","rs1121980","G","RIGHT","GCAGGTGGATCTGAAATCTCAC",276.195504373976,-2642.89949344059,53.2422332116267,"GGGTCTGAGAAATAATAGTGTTTACCT",Inf,1844.83953282188,52.6993801971779,-2622.02099124584,FALSE
"64","rs1121980","G","RIGHT","GCAGGTGGATCTGAAATCTCAC",276.195504373976,-2642.89949344059,53.2422332116267,"AGGGTCTGAGAAATAATAGTGTTTACCT",Inf,1844.83953282188,53.7096559945745,-2622.02099124584,FALSE
"65","rs1121980","G","RIGHT","GCAGGTGGATCTGAAATCTCAC",276.195504373976,-2642.89949344059,53.2422332116267,"AAGGGTCTGAGAAATAATAGTGTTTACCT",Inf,1844.83953282188,54.1370535478387,-2622.02099124584,FALSE
"66","rs1121980","G","RIGHT","GCAGGTGGATCTGAAATCTAAC",276.195504373976,-2642.89949344059,51.0546159187116,"AAATAATAGTGTTTACCTTTTCATCCTCT",Inf,865.18651969685,51.5924891105503,-2056.91298468334,TRUE
"67","rs1121980","G","RIGHT","GCAGGTGGATCTGAAATCTAAC",276.195504373976,-2642.89949344059,51.0546159187116,"AAATAATAGTGTTTACCTTTTCATCCTC",Inf,865.18651969685,50.5712345338309,-2056.91298468334,TRUE
"68","rs1421085","C","LEFT","TCAGGTCCTAAGGCATAAC",Inf,-2562.06248905731,47.713637300327,"AAACATTAGGTTCCCATCTTTAA",140.583004377077,-127.475484680224,47.9123207581358,-3141.02248906351,TRUE
"69","rs1421085","C","LEFT","TCAGGTCCTAAGGCATAAC",Inf,-2562.06248905731,47.713637300327,"AAAACATTAGGTTCCCATCTTTAA",140.583004377077,-127.475484680224,48.67232253942,-3141.02248906351,TRUE
"70","rs1421085","C","LEFT","TCAGGTCCTAAGGCATAAC",Inf,-2562.06248905731,47.713637300327,"AAACATTAGGTTCCCATCTTTA",140.583004377077,-127.475484680224,47.0820429720635,-3141.02248906351,TRUE
"71","rs1421085","C","LEFT","TCAGGTCCTAAGGCATAAC",Inf,-2562.06248905731,47.713637300327,"AAAACATTAGGTTCCCATCTTTA",140.583004377077,-127.475484680224,47.9123207581358,-3141.02248906351,TRUE
"72","rs1421085","C","LEFT","TCAGGTCCTAAGGCATAAC",Inf,-2562.06248905731,47.713637300327,"AAAAACATTAGGTTCCCATCTTTA",140.583004377077,-127.475484680224,48.67232253942,-3141.02248906351,TRUE
"73","rs1421085","C","LEFT","TCAGGTCCTAAGGCATTAC",Inf,-2562.06248905731,47.713637300327,"AAACATTAGGTTCCCATCTTTAA",140.583004377077,-127.475484680224,47.9123207581358,-3141.02248906351,TRUE
"74","rs1421085","C","LEFT","TCAGGTCCTAAGGCATTAC",Inf,-2562.06248905731,47.713637300327,"AAAACATTAGGTTCCCATCTTTAA",140.583004377077,-127.475484680224,48.67232253942,-3141.02248906351,TRUE
"75","rs1421085","C","LEFT","TCAGGTCCTAAGGCATTAC",Inf,-2562.06248905731,47.713637300327,"AAACATTAGGTTCCCATCTTTA",140.583004377077,-127.475484680224,47.0820429720635,-3141.02248906351,TRUE
"76","rs1421085","C","LEFT","TCAGGTCCTAAGGCATTAC",Inf,-2562.06248905731,47.713637300327,"AAAACATTAGGTTCCCATCTTTA",140.583004377077,-127.475484680224,47.9123207581358,-3141.02248906351,TRUE
"77","rs1421085","C","LEFT","TCAGGTCCTAAGGCATTAC",Inf,-2562.06248905731,47.713637300327,"AAAAACATTAGGTTCCCATCTTTA",140.583004377077,-127.475484680224,48.67232253942,-3141.02248906351,TRUE
"78","rs1421085","C","LEFT","TTCAGGTCCTAAGGCATAAC",Inf,-2562.06248905731,48.6194251259762,"AAACATTAGGTTCCCATCTTTAA",140.583004377077,-127.475484680224,47.9123207581358,-3141.02248906351,TRUE
"79","rs1421085","C","LEFT","TTCAGGTCCTAAGGCATAAC",Inf,-2562.06248905731,48.6194251259762,"AAAACATTAGGTTCCCATCTTTAA",140.583004377077,-127.475484680224,48.67232253942,-3141.02248906351,TRUE
"80","rs1421085","C","LEFT","TTCAGGTCCTAAGGCATAAC",Inf,-2562.06248905731,48.6194251259762,"AAAAACATTAGGTTCCCATCTTTAA",140.583004377077,-127.475484680224,49.3706084500994,-3141.02248906351,TRUE
"81","rs1421085","C","LEFT","TTCAGGTCCTAAGGCATAAC",Inf,-2562.06248905731,48.6194251259762,"AAAACATTAGGTTCCCATCTTTA",140.583004377077,-127.475484680224,47.9123207581358,-3141.02248906351,TRUE
"82","rs1421085","C","LEFT","TTCAGGTCCTAAGGCATAAC",Inf,-2562.06248905731,48.6194251259762,"AAAAACATTAGGTTCCCATCTTTA",140.583004377077,-127.475484680224,48.67232253942,-3141.02248906351,TRUE
"83","rs1421085","C","LEFT","TTCAGGTCCTAAGGCATTAC",Inf,-2562.06248905731,48.6194251259762,"AAACATTAGGTTCCCATCTTTAA",140.583004377077,-127.475484680224,47.9123207581358,-3141.02248906351,TRUE
"84","rs1421085","C","LEFT","TTCAGGTCCTAAGGCATTAC",Inf,-2562.06248905731,48.6194251259762,"AAAACATTAGGTTCCCATCTTTAA",140.583004377077,-127.475484680224,48.67232253942,-3141.02248906351,TRUE
"85","rs1421085","C","LEFT","TTCAGGTCCTAAGGCATTAC",Inf,-2562.06248905731,48.6194251259762,"AAAAACATTAGGTTCCCATCTTTAA",140.583004377077,-127.475484680224,49.3706084500994,-3141.02248906351,TRUE
"86","rs1421085","C","LEFT","TTCAGGTCCTAAGGCATTAC",Inf,-2562.06248905731,48.6194251259762,"AAAACATTAGGTTCCCATCTTTA",140.583004377077,-127.475484680224,47.9123207581358,-3141.02248906351,TRUE
"87","rs1421085","C","LEFT","TTCAGGTCCTAAGGCATTAC",Inf,-2562.06248905731,48.6194251259762,"AAAAACATTAGGTTCCCATCTTTA",140.583004377077,-127.475484680224,48.67232253942,-3141.02248906351,TRUE
"88","rs1421085","C","LEFT","GTTCAGGTCCTAAGGCATAAC",Inf,-2562.06248905731,50.2624725348239,"AAAAACATTAGGTTCCCATCTTTAA",140.583004377077,-127.475484680224,49.3706084500994,-3141.02248906351,TRUE
"89","rs1421085","C","LEFT","GTTCAGGTCCTAAGGCATAAC",Inf,-2562.06248905731,50.2624725348239,"CAAAAACATTAGGTTCCCATCTTTAA",140.583004377077,-127.475484680224,50.6901724122219,-3141.02248906351,TRUE
"90","rs1421085","C","LEFT","GTTCAGGTCCTAAGGCATAAC",Inf,-2562.06248905731,50.2624725348239,"CAAAAACATTAGGTTCCCATCTTTA",140.583004377077,-127.475484680224,50.0816621950229,-3141.02248906351,TRUE
"91","rs1421085","C","LEFT","GTTCAGGTCCTAAGGCATTAC",Inf,-2562.06248905731,50.2624725348239,"AAAAACATTAGGTTCCCATCTTTAA",140.583004377077,-127.475484680224,49.3706084500994,-3141.02248906351,TRUE
"92","rs1421085","C","LEFT","GTTCAGGTCCTAAGGCATTAC",Inf,-2562.06248905731,50.2624725348239,"CAAAAACATTAGGTTCCCATCTTTAA",140.583004377077,-127.475484680224,50.6901724122219,-3141.02248906351,TRUE
"93","rs1421085","C","LEFT","GTTCAGGTCCTAAGGCATTAC",Inf,-2562.06248905731,50.2624725348239,"CAAAAACATTAGGTTCCCATCTTTA",140.583004377077,-127.475484680224,50.0816621950229,-3141.02248906351,TRUE
"94","rs1421085","C","LEFT","AGTTCAGGTCCTAAGGCATAAC",Inf,-2562.06248905731,51.5952831430639,"CAAAAACATTAGGTTCCCATCTTTAA",140.583004377077,-127.475484680224,50.6901724122219,-3141.02248906351,TRUE
"95","rs1421085","C","LEFT","AGTTCAGGTCCTAAGGCATAAC",Inf,-2562.06248905731,51.5952831430639,"ACAAAAACATTAGGTTCCCATCTTTAA",140.583004377077,-127.475484680224,52.0157320503926,-3141.02248906351,TRUE
"96","rs1421085","C","LEFT","AGTTCAGGTCCTAAGGCATAAC",Inf,-2562.06248905731,51.5952831430639,"AACAAAAACATTAGGTTCCCATCTTTAA",140.583004377077,-127.475484680224,52.5166418837543,-3141.02248906351,TRUE
"97","rs1421085","C","LEFT","AGTTCAGGTCCTAAGGCATTAC",Inf,-2562.06248905731,51.5952831430639,"CAAAAACATTAGGTTCCCATCTTTAA",140.583004377077,-127.475484680224,50.6901724122219,-3141.02248906351,TRUE
"98","rs1421085","C","LEFT","AGTTCAGGTCCTAAGGCATTAC",Inf,-2562.06248905731,51.5952831430639,"ACAAAAACATTAGGTTCCCATCTTTAA",140.583004377077,-127.475484680224,52.0157320503926,-3141.02248906351,TRUE
"99","rs1421085","C","LEFT","AGTTCAGGTCCTAAGGCATTAC",Inf,-2562.06248905731,51.5952831430639,"AACAAAAACATTAGGTTCCCATCTTTAA",140.583004377077,-127.475484680224,52.5166418837543,-3141.02248906351,TRUE
"100","rs1421085","C","RIGHT","TCATCAGACACTTAATCAATG",Inf,-1131.78149781456,45.5689222201644,"TTTTTCCTTCACCTTTTCC",Inf,1387.22,45.2239910324848,-698.701497814565,TRUE
"101","rs1421085","C","RIGHT","TCATCAGACACTTAATCAATG",Inf,-1131.78149781456,45.5689222201644,"GGTTAAAGCCTTAGAACTCT",Inf,554.991524067722,46.4278296351706,-1826.52149781456,TRUE
"102","rs1421085","C","RIGHT","CTCATCAGACACTTAATCAATG",Inf,-1131.78149781456,47.0120880066206,"GGTTAAAGCCTTAGAACTCTT",Inf,554.991524067722,47.3503578705999,-1826.52149781456,TRUE
"103","rs1421085","C","RIGHT","CTCATCAGACACTTAATCAATG",Inf,-1131.78149781456,47.0120880066206,"GGTTAAAGCCTTAGAACTCT",Inf,554.991524067722,46.4278296351706,-1826.52149781456,TRUE
"104","rs1421085","C","RIGHT","TCTCATCAGACACTTAATCAATG",Inf,-1131.78149781456,48.3970045169744,"GGTTAAAGCCTTAGAACTCTTC",Inf,554.991524067722,48.7317071632252,-1826.52149781456,TRUE
"105","rs1421085","C","RIGHT","TTCTCATCAGACACTTAATCAATG",Inf,-1131.78149781456,49.1191812033105,"GGTTAAAGCCTTAGAACTCTTC",Inf,554.991524067722,48.7317071632252,-1420.88449343438,TRUE
"106","rs1421085","C","RIGHT","ATTCTCATCAGACACTTAATCAATG",Inf,-1131.78149781456,49.58120391012,"GGTTAAAGCCTTAGAACTCTTC",Inf,554.991524067722,48.7317071632252,-2042.31449343438,TRUE
"107","rs1421085","C","RIGHT","CATCAGACACTTAATCAGTG",-1539.50699562602,-1788.12698468645,45.7207236767745,"TTTTTCCTTCACCTTTTCC",Inf,1387.22,45.2239910324848,-1783.29799562912,TRUE
"108","rs1421085","C","RIGHT","CATCAGACACTTAATCAGTG",-1539.50699562602,-1788.12698468645,45.7207236767745,"GGTTAAAGCCTTAGAACTCT",Inf,554.991524067722,46.4278296351706,-1826.52149781456,TRUE
"109","rs1421085","T","LEFT","TCAGGTCCTAAGGCATAAT",Inf,-2562.06248905731,46.4620603210853,"AAACATTAGGTTCCCATCTTTA",140.583004377077,-127.475484680224,47.0820429720635,-3141.02248906351,TRUE
"110","rs1421085","T","LEFT","TCAGGTCCTAAGGCATTAT",Inf,-2562.06248905731,46.4620603210853,"AAACATTAGGTTCCCATCTTTA",140.583004377077,-127.475484680224,47.0820429720635,-3141.02248906351,TRUE
"111","rs1421085","T","LEFT","TTCAGGTCCTAAGGCATAAT",Inf,-2562.06248905731,47.4490919634538,"AAACATTAGGTTCCCATCTTTAA",140.583004377077,-127.475484680224,47.9123207581358,-3141.02248906351,TRUE
"112","rs1421085","T","LEFT","TTCAGGTCCTAAGGCATAAT",Inf,-2562.06248905731,47.4490919634538,"AAACATTAGGTTCCCATCTTTA",140.583004377077,-127.475484680224,47.0820429720635,-3141.02248906351,TRUE
"113","rs1421085","T","LEFT","TTCAGGTCCTAAGGCATAAT",Inf,-2562.06248905731,47.4490919634538,"AAAACATTAGGTTCCCATCTTTA",140.583004377077,-127.475484680224,47.9123207581358,-3141.02248906351,TRUE
"114","rs1421085","T","LEFT","TTCAGGTCCTAAGGCATTAT",Inf,-2562.06248905731,47.4490919634538,"AAACATTAGGTTCCCATCTTTAA",140.583004377077,-127.475484680224,47.9123207581358,-3141.02248906351,TRUE
"115","rs1421085","T","LEFT","TTCAGGTCCTAAGGCATTAT",Inf,-2562.06248905731,47.4490919634538,"AAACATTAGGTTCCCATCTTTA",140.583004377077,-127.475484680224,47.0820429720635,-3141.02248906351,TRUE
"116","rs1421085","T","LEFT","TTCAGGTCCTAAGGCATTAT",Inf,-2562.06248905731,47.4490919634538,"AAAACATTAGGTTCCCATCTTTA",140.583004377077,-127.475484680224,47.9123207581358,-3141.02248906351,TRUE
"117","rs1421085","T","LEFT","GTTCAGGTCCTAAGGCATAAT",Inf,-2562.06248905731,49.1948887875151,"AAAACATTAGGTTCCCATCTTTAA",140.583004377077,-127.475484680224,48.67232253942,-3141.02248906351,TRUE
"118","rs1421085","T","LEFT","GTTCAGGTCCTAAGGCATAAT",Inf,-2562.06248905731,49.1948887875151,"AAAAACATTAGGTTCCCATCTTTAA",140.583004377077,-127.475484680224,49.3706084500994,-3141.02248906351,TRUE
"119","rs1421085","T","LEFT","GTTCAGGTCCTAAGGCATAAT",Inf,-2562.06248905731,49.1948887875151,"AAAAACATTAGGTTCCCATCTTTA",140.583004377077,-127.475484680224,48.67232253942,-3141.02248906351,TRUE
"120","rs1421085","T","LEFT","GTTCAGGTCCTAAGGCATAAT",Inf,-2562.06248905731,49.1948887875151,"CAAAAACATTAGGTTCCCATCTTTA",140.583004377077,-127.475484680224,50.0816621950229,-3141.02248906351,TRUE
"121","rs1421085","T","LEFT","GTTCAGGTCCTAAGGCATTAT",Inf,-2562.06248905731,49.1948887875151,"AAAACATTAGGTTCCCATCTTTAA",140.583004377077,-127.475484680224,48.67232253942,-3141.02248906351,TRUE
"122","rs1421085","T","LEFT","GTTCAGGTCCTAAGGCATTAT",Inf,-2562.06248905731,49.1948887875151,"AAAAACATTAGGTTCCCATCTTTAA",140.583004377077,-127.475484680224,49.3706084500994,-3141.02248906351,TRUE
"123","rs1421085","T","LEFT","GTTCAGGTCCTAAGGCATTAT",Inf,-2562.06248905731,49.1948887875151,"AAAAACATTAGGTTCCCATCTTTA",140.583004377077,-127.475484680224,48.67232253942,-3141.02248906351,TRUE
"124","rs1421085","T","LEFT","GTTCAGGTCCTAAGGCATTAT",Inf,-2562.06248905731,49.1948887875151,"CAAAAACATTAGGTTCCCATCTTTA",140.583004377077,-127.475484680224,50.0816621950229,-3141.02248906351,TRUE
"125","rs1421085","T","LEFT","AGTTCAGGTCCTAAGGCATAAT",Inf,-2562.06248905731,50.5834583277032,"CAAAAACATTAGGTTCCCATCTTTAA",140.583004377077,-127.475484680224,50.6901724122219,-3141.02248906351,TRUE
"126","rs1421085","T","LEFT","AGTTCAGGTCCTAAGGCATAAT",Inf,-2562.06248905731,50.5834583277032,"CAAAAACATTAGGTTCCCATCTTTA",140.583004377077,-127.475484680224,50.0816621950229,-3141.02248906351,TRUE
"127","rs1421085","T","LEFT","AGTTCAGGTCCTAAGGCATTAT",Inf,-2562.06248905731,50.5834583277032,"CAAAAACATTAGGTTCCCATCTTTAA",140.583004377077,-127.475484680224,50.6901724122219,-3141.02248906351,TRUE
"128","rs1421085","T","LEFT","AGTTCAGGTCCTAAGGCATTAT",Inf,-2562.06248905731,50.5834583277032,"CAAAAACATTAGGTTCCCATCTTTA",140.583004377077,-127.475484680224,50.0816621950229,-3141.02248906351,TRUE
"129","rs1421085","T","LEFT","CAGTTCAGGTCCTAAGGCATAAT",Inf,-2562.06248905731,52.0064317888199,"ACAAAAACATTAGGTTCCCATCTTTAA",140.583004377077,-127.475484680224,52.0157320503926,-3141.02248906351,FALSE
"130","rs1421085","T","LEFT","CAGTTCAGGTCCTAAGGCATAAT",Inf,-2562.06248905731,52.0064317888199,"AACAAAAACATTAGGTTCCCATCTTTAA",140.583004377077,-127.475484680224,52.5166418837543,-3141.02248906351,FALSE
"131","rs1421085","T","LEFT","CAGTTCAGGTCCTAAGGCATTAT",Inf,-2562.06248905731,52.0064317888199,"ACAAAAACATTAGGTTCCCATCTTTAA",140.583004377077,-127.475484680224,52.0157320503926,-3141.02248906351,FALSE
"132","rs1421085","T","LEFT","CAGTTCAGGTCCTAAGGCATTAT",Inf,-2562.06248905731,52.0064317888199,"AACAAAAACATTAGGTTCCCATCTTTAA",140.583004377077,-127.475484680224,52.5166418837543,-3141.02248906351,FALSE
"133","rs1421085","T","RIGHT","AAATTCTCATCAGACACTTAATCAATA",Inf,-846.639493434384,49.4815068528662,"GGTTAAAGCCTTAGAACTCTTC",Inf,554.991524067722,48.7317071632252,-2042.31449343438,TRUE
"134","rs1421085","T","RIGHT","CTCATCAGACACTTAATCAATA",Inf,-1131.78149781456,45.3784332793794,"TTTTTCCTTCACCTTTTCC",Inf,1387.22,45.2239910324848,-698.701497814565,TRUE
"135","rs58318008","C","LEFT","TGGAGTTTCCCTTGCACGTGCGCC",315.563008747959,-9280.52548468644,64.1514317652933,"TGCAACCTCCACCTCCCAGGTTCAAGCA",-248.88749343438,191.264532821879,65.1204515292093,-2534.45048468644,FALSE
"136","rs58318008","C","LEFT","TGGAGTTTCCCTTGCACGTGCGCC",315.563008747959,-9280.52548468644,64.1514317652933,"TGCAACCTCCACCTCCCAGGTTCAAGCAA",-248.88749343438,-126.40546717812,65.1465428504271,-2534.45048468644,FALSE
"137","rs58318008","C","LEFT","CTGGAGTTTCCCTTGCACGTGCGCC",315.563008747959,-9280.52548468644,64.5094050842613,"TGCAACCTCCACCTCCCAGGTTCAAGCA",-248.88749343438,191.264532821879,65.1204515292093,-2534.45048468644,FALSE
"138","rs58318008","C","LEFT","CTGGAGTTTCCCTTGCACGTGCGCC",315.563008747959,-9280.52548468644,64.5094050842613,"CTGCAACCTCCACCTCCCAGGTTCAAGCA",-248.88749343438,55.1645328218729,65.4007293222865,-2534.45048468644,FALSE
"139","rs58318008","C","LEFT","CTGGAGTTTCCCTTGCACGTGCGCC",315.563008747959,-9280.52548468644,64.5094050842613,"TGCAACCTCCACCTCCCAGGTTCAAGCAA",-248.88749343438,-126.40546717812,65.1465428504271,-2534.45048468644,FALSE
"140","rs58318008","C","LEFT","ACTGGAGTTTCCCTTGCACGTGCGCC",315.563008747959,-9280.52548468644,65.461352554336,"TGCAACCTCCACCTCCCAGGTTCAAGCA",-248.88749343438,191.264532821879,65.1204515292093,-4386.12949344059,FALSE
"141","rs58318008","C","LEFT","ACTGGAGTTTCCCTTGCACGTGCGCC",315.563008747959,-9280.52548468644,65.461352554336,"CTGCAACCTCCACCTCCCAGGTTCAAGCA",-248.88749343438,55.1645328218729,65.4007293222865,-4386.12949344059,FALSE
"142","rs58318008","C","LEFT","ACTGGAGTTTCCCTTGCACGTGCGCC",315.563008747959,-9280.52548468644,65.461352554336,"TGCAACCTCCACCTCCCAGGTTCAAGCAA",-248.88749343438,-126.40546717812,65.1465428504271,-4386.12949344059,FALSE
"143","rs58318008","C","LEFT","AACTGGAGTTTCCCTTGCACGTGCGCC",315.563008747959,-9280.52548468644,65.4760791385122,"TGCAACCTCCACCTCCCAGGTTCAAGCA",-248.88749343438,191.264532821879,65.1204515292093,-4386.12949344059,FALSE
"144","rs58318008","C","LEFT","AACTGGAGTTTCCCTTGCACGTGCGCC",315.563008747959,-9280.52548468644,65.4760791385122,"CTGCAACCTCCACCTCCCAGGTTCAAGCA",-248.88749343438,55.1645328218729,65.4007293222865,-4386.12949344059,FALSE
"145","rs58318008","C","LEFT","AACTGGAGTTTCCCTTGCACGTGCGCC",315.563008747959,-9280.52548468644,65.4760791385122,"TGCAACCTCCACCTCCCAGGTTCAAGCAA",-248.88749343438,-126.40546717812,65.1465428504271,-4386.12949344059,FALSE
"146","rs58318008","C","LEFT","AAACTGGAGTTTCCCTTGCACGTGCGCC",-125.587493434381,-9280.52548468644,65.4897823023011,"TGCAACCTCCACCTCCCAGGTTCAAGCA",-248.88749343438,191.264532821879,65.1204515292093,-4386.12949344059,FALSE
"147","rs58318008","C","LEFT","AAACTGGAGTTTCCCTTGCACGTGCGCC",-125.587493434381,-9280.52548468644,65.4897823023011,"CTGCAACCTCCACCTCCCAGGTTCAAGCA",-248.88749343438,55.1645328218729,65.4007293222865,-4386.12949344059,FALSE
"148","rs58318008","C","LEFT","AAACTGGAGTTTCCCTTGCACGTGCGCC",-125.587493434381,-9280.52548468644,65.4897823023011,"TGCAACCTCCACCTCCCAGGTTCAAGCAA",-248.88749343438,-126.40546717812,65.1465428504271,-4386.12949344059,FALSE
"149","rs58318008","C","RIGHT","ATGATGCACACAGAGAG",Inf,-3280.84949343438,45.1459432024286,"GTTTTAAGTTTGAAGTTGGC",Inf,-76.005484680245,45.8856561702149,-1527.09949344059,TRUE
"150","rs58318008","C","RIGHT","ATGATGCACACAGAGAG",Inf,-3280.84949343438,45.1459432024286,"CAGTTTTAAGTTTGAAGTTGG",Inf,-76.005484680245,45.8675636494995,-1527.09949344059,TRUE
"151","rs58318008","C","RIGHT","CATGATGCACACAGAAAG",Inf,-3280.84949343438,45.935854679752,"GTTTTAAGTTTGAAGTTGGC",Inf,-76.005484680245,45.8856561702149,-1527.09949344059,TRUE
"152","rs58318008","C","RIGHT","CATGATGCACACAGAAAG",Inf,-3280.84949343438,45.935854679752,"CAGTTTTAAGTTTGAAGTTGG",Inf,-76.005484680245,45.8675636494995,-1527.09949344059,TRUE
"153","rs58318008","C","RIGHT","CATGATGCACACAGAAAG",Inf,-3280.84949343438,45.935854679752,"GCAGTTTTAAGTTTGAAGTTG",Inf,-76.005484680245,46.5854830136997,-2342.69799562602,TRUE
"154","rs58318008","C","RIGHT","CATGATGCACACAGAGAG",Inf,-3280.84949343438,47.2718695383165,"AGTTTTAAGTTTGAAGTTGGC",Inf,-76.005484680245,47.3917261632956,-1527.09949344059,TRUE
"155","rs58318008","C","RIGHT","CATGATGCACACAGAGAG",Inf,-3280.84949343438,47.2718695383165,"GCAGTTTTAAGTTTGAAGTTG",Inf,-76.005484680245,46.5854830136997,-2342.69799562602,TRUE
"156","rs58318008","C","RIGHT","ACATGATGCACACAGAAAG",Inf,-4572.21949344059,47.9230714939102,"GAGTGGCTCAGTCCCT",Inf,379.808519690632,48.4062697976175,-3064.32299562913,TRUE
"157","rs58318008","C","RIGHT","ACATGATGCACACAGAAAG",Inf,-4572.21949344059,47.9230714939102,"AGTTTTAAGTTTGAAGTTGGC",Inf,-76.005484680245,47.3917261632956,-1527.09949344059,TRUE
"158","rs58318008","C","RIGHT","ACATGATGCACACAGAGAG",Inf,-4572.21949344059,49.2153761857421,"GAGTGGCTCAGTCCCT",Inf,379.808519690632,48.4062697976175,-3064.32299562913,TRUE
"159","rs58318008","C","RIGHT","ACATGATGCACACAGAGAG",Inf,-4572.21949344059,49.2153761857421,"CAGTTTTAAGTTTGAAGTTGGC",Inf,-76.005484680245,49.0159690436583,-1527.09949344059,TRUE
"160","rs58318008","C","RIGHT","ACATGATGCACACAGAGAG",Inf,-4572.21949344059,49.2153761857421,"GCAGTTTTAAGTTTGAAGTTGG",Inf,-76.005484680245,49.0159690436583,-2342.69799562602,TRUE
"161","rs58318008","C","RIGHT","ACATGATGCACACAGATAG",Inf,-4572.21949344059,46.742078881798,"GTTTTAAGTTTGAAGTTGGC",Inf,-76.005484680245,45.8856561702149,-1527.09949344059,TRUE
"162","rs58318008","C","RIGHT","ACATGATGCACACAGATAG",Inf,-4572.21949344059,46.742078881798,"AGTTTTAAGTTTGAAGTTGGC",Inf,-76.005484680245,47.3917261632956,-1527.09949344059,TRUE
"163","rs58318008","C","RIGHT","ACATGATGCACACAGATAG",Inf,-4572.21949344059,46.742078881798,"CAGTTTTAAGTTTGAAGTTGG",Inf,-76.005484680245,45.8675636494995,-1527.09949344059,TRUE
"164","rs58318008","C","RIGHT","ACATGATGCACACAGATAG",Inf,-4572.21949344059,46.742078881798,"GCAGTTTTAAGTTTGAAGTTG",Inf,-76.005484680245,46.5854830136997,-2342.69799562602,TRUE
"165","rs58318008","C","RIGHT","CACATGATGCACACAGAAAG",Inf,-4572.21949344059,49.6604241307031,"GAGTGGCTCAGTCCCTG",Inf,379.808519690632,50.4393082111977,-3064.32299562913,TRUE
"166","rs58318008","C","RIGHT","CACATGATGCACACAGAAAG",Inf,-4572.21949344059,49.6604241307031,"CAGTTTTAAGTTTGAAGTTGGC",Inf,-76.005484680245,49.0159690436583,-1527.09949344059,TRUE
"167","rs58318008","C","RIGHT","CACATGATGCACACAGAAAG",Inf,-4572.21949344059,49.6604241307031,"GCAGTTTTAAGTTTGAAGTTGG",Inf,-76.005484680245,49.0159690436583,-2342.69799562602,TRUE
"168","rs58318008","C","RIGHT","CACATGATGCACACAGAGAG",Inf,-4572.21949344059,50.8749957626484,"GAGTGGCTCAGTCCCTG",Inf,379.808519690632,50.4393082111977,-3064.32299562913,TRUE
"169","rs58318008","C","RIGHT","CACATGATGCACACAGAGAG",Inf,-4572.21949344059,50.8749957626484,"GCAGTTTTAAGTTTGAAGTTGGC",Inf,-76.005484680245,51.8745702355431,-2342.69799562602,TRUE
"170","rs58318008","C","RIGHT","CACATGATGCACACAGATAG",Inf,-4572.21949344059,48.5643719835028,"GAGTGGCTCAGTCCCT",Inf,379.808519690632,48.4062697976175,-3064.32299562913,TRUE
"171","rs58318008","C","RIGHT","CACATGATGCACACAGATAG",Inf,-4572.21949344059,48.5643719835028,"CAGTTTTAAGTTTGAAGTTGGC",Inf,-76.005484680245,49.0159690436583,-1527.09949344059,TRUE
"172","rs58318008","C","RIGHT","CACATGATGCACACAGATAG",Inf,-4572.21949344059,48.5643719835028,"GCAGTTTTAAGTTTGAAGTTGG",Inf,-76.005484680245,49.0159690436583,-2342.69799562602,TRUE
"173","rs58318008","C","RIGHT","TCACATGATGCACACAGAAAG",Inf,-4572.21949344059,51.0672772849812,"GAGTGGCTCAGTCCCTG",Inf,379.808519690632,50.4393082111977,-3064.32299562913,TRUE
"174","rs58318008","C","RIGHT","TCACATGATGCACACAGAAAG",Inf,-4572.21949344059,51.0672772849812,"GCAGTTTTAAGTTTGAAGTTGGC",Inf,-76.005484680245,51.8745702355431,-2342.69799562602,TRUE
"175","rs58318008","T","LEFT","ACTGGAGTTTCCCTTGCACGTGCGCT",315.563008747959,-9280.52548468644,64.7560135344049,"TGCAACCTCCACCTCCCAGGTTCAAGCA",-248.88749343438,191.264532821879,65.1204515292093,-4386.12949344059,FALSE
"176","rs58318008","T","LEFT","ACTGGAGTTTCCCTTGCACGTGCGCT",315.563008747959,-9280.52548468644,64.7560135344049,"CTGCAACCTCCACCTCCCAGGTTCAAGCA",-248.88749343438,55.1645328218729,65.4007293222865,-4386.12949344059,FALSE
"177","rs58318008","T","LEFT","ACTGGAGTTTCCCTTGCACGTGCGCT",315.563008747959,-9280.52548468644,64.7560135344049,"TGCAACCTCCACCTCCCAGGTTCAAGCAA",-248.88749343438,-126.40546717812,65.1465428504271,-4386.12949344059,FALSE
"178","rs58318008","T","LEFT","AACTGGAGTTTCCCTTGCACGTGCGCT",315.563008747959,-9280.52548468644,64.796493772211,"TGCAACCTCCACCTCCCAGGTTCAAGCA",-248.88749343438,191.264532821879,65.1204515292093,-4386.12949344059,FALSE
"179","rs58318008","T","LEFT","AACTGGAGTTTCCCTTGCACGTGCGCT",315.563008747959,-9280.52548468644,64.796493772211,"CTGCAACCTCCACCTCCCAGGTTCAAGCA",-248.88749343438,55.1645328218729,65.4007293222865,-4386.12949344059,FALSE
"180","rs58318008","T","LEFT","AACTGGAGTTTCCCTTGCACGTGCGCT",315.563008747959,-9280.52548468644,64.796493772211,"TGCAACCTCCACCTCCCAGGTTCAAGCAA",-248.88749343438,-126.40546717812,65.1465428504271,-4386.12949344059,FALSE
"181","rs58318008","T","LEFT","AAACTGGAGTTTCCCTTGCACGTGCGCT",-125.587493434381,-9280.52548468644,64.8341363033713,"TGCAACCTCCACCTCCCAGGTTCAAGCA",-248.88749343438,191.264532821879,65.1204515292093,-4386.12949344059,FALSE
"182","rs58318008","T","LEFT","AAACTGGAGTTTCCCTTGCACGTGCGCT",-125.587493434381,-9280.52548468644,64.8341363033713,"CTGCAACCTCCACCTCCCAGGTTCAAGCA",-248.88749343438,55.1645328218729,65.4007293222865,-4386.12949344059,FALSE
"183","rs58318008","T","LEFT","AAACTGGAGTTTCCCTTGCACGTGCGCT",-125.587493434381,-9280.52548468644,64.8341363033713,"TGCAACCTCCACCTCCCAGGTTCAAGCAA",-248.88749343438,-126.40546717812,65.1465428504271,-4386.12949344059,FALSE
"184","rs58318008","T","RIGHT","CATGATGCACACAGAAAA",Inf,-3280.84949343438,45.2846023553236,"GTTTTAAGTTTGAAGTTGGC",Inf,-76.005484680245,45.8856561702149,-1527.09949344059,TRUE
"185","rs58318008","T","RIGHT","CATGATGCACACAGAAAA",Inf,-3280.84949343438,45.2846023553236,"CAGTTTTAAGTTTGAAGTTGG",Inf,-76.005484680245,45.8675636494995,-1527.09949344059,TRUE
"186","rs58318008","T","RIGHT","CATGATGCACACAGAGAA",Inf,-3280.84949343438,46.6364875923356,"GTTTTAAGTTTGAAGTTGGC",Inf,-76.005484680245,45.8856561702149,-1527.09949344059,TRUE
"187","rs58318008","T","RIGHT","CATGATGCACACAGAGAA",Inf,-3280.84949343438,46.6364875923356,"AGTTTTAAGTTTGAAGTTGGC",Inf,-76.005484680245,47.3917261632956,-1527.09949344059,TRUE
"188","rs58318008","T","RIGHT","CATGATGCACACAGAGAA",Inf,-3280.84949343438,46.6364875923356,"CAGTTTTAAGTTTGAAGTTGG",Inf,-76.005484680245,45.8675636494995,-1527.09949344059,TRUE
"189","rs58318008","T","RIGHT","CATGATGCACACAGAGAA",Inf,-3280.84949343438,46.6364875923356,"GCAGTTTTAAGTTTGAAGTTG",Inf,-76.005484680245,46.5854830136997,-2342.69799562602,TRUE
"190","rs58318008","T","RIGHT","ACATGATGCACACAGAAAA",Inf,-4572.21949344059,47.3211933804081,"AGTTTTAAGTTTGAAGTTGGC",Inf,-76.005484680245,47.3917261632956,-1527.09949344059,TRUE
"191","rs58318008","T","RIGHT","ACATGATGCACACAGAAAA",Inf,-4572.21949344059,47.3211933804081,"GCAGTTTTAAGTTTGAAGTTG",Inf,-76.005484680245,46.5854830136997,-2342.69799562602,TRUE
"192","rs58318008","T","RIGHT","ACATGATGCACACAGAGAA",Inf,-4572.21949344059,48.6283546236116,"GAGTGGCTCAGTCCCT",Inf,379.808519690632,48.4062697976175,-3064.32299562913,TRUE
"193","rs58318008","T","RIGHT","ACATGATGCACACAGAGAA",Inf,-4572.21949344059,48.6283546236116,"CAGTTTTAAGTTTGAAGTTGGC",Inf,-76.005484680245,49.0159690436583,-1527.09949344059,TRUE
"194","rs58318008","T","RIGHT","ACATGATGCACACAGAGAA",Inf,-4572.21949344059,48.6283546236116,"GCAGTTTTAAGTTTGAAGTTGG",Inf,-76.005484680245,49.0159690436583,-2342.69799562602,TRUE
"195","rs58318008","T","RIGHT","ACATGATGCACACAGATAA",Inf,-4572.21949344059,46.121451190434,"GTTTTAAGTTTGAAGTTGGC",Inf,-76.005484680245,45.8856561702149,-1527.09949344059,TRUE
"196","rs58318008","T","RIGHT","ACATGATGCACACAGATAA",Inf,-4572.21949344059,46.121451190434,"CAGTTTTAAGTTTGAAGTTGG",Inf,-76.005484680245,45.8675636494995,-1527.09949344059,TRUE
"197","rs58318008","T","RIGHT","ACATGATGCACACAGATAA",Inf,-4572.21949344059,46.121451190434,"GCAGTTTTAAGTTTGAAGTTG",Inf,-76.005484680245,46.5854830136997,-2342.69799562602,TRUE
"198","rs58318008","T","RIGHT","CACATGATGCACACAGAAAA",Inf,-4572.21949344059,49.1177857456989,"GAGTGGCTCAGTCCCT",Inf,379.808519690632,48.4062697976175,-3064.32299562913,TRUE
"199","rs58318008","T","RIGHT","CACATGATGCACACAGAAAA",Inf,-4572.21949344059,49.1177857456989,"CAGTTTTAAGTTTGAAGTTGGC",Inf,-76.005484680245,49.0159690436583,-1527.09949344059,TRUE
"200","rs58318008","T","RIGHT","CACATGATGCACACAGAAAA",Inf,-4572.21949344059,49.1177857456989,"GCAGTTTTAAGTTTGAAGTTGG",Inf,-76.005484680245,49.0159690436583,-2342.69799562602,TRUE
"201","rs58318008","T","RIGHT","CACATGATGCACACAGAGAA",Inf,-4572.21949344059,50.3454811085477,"GAGTGGCTCAGTCCCTG",Inf,379.808519690632,50.4393082111977,-3064.32299562913,TRUE
"202","rs58318008","T","RIGHT","CACATGATGCACACAGATAA",Inf,-4572.21949344059,48.0055443765585,"GAGTGGCTCAGTCCCT",Inf,379.808519690632,48.4062697976175,-3064.32299562913,TRUE
"203","rs58318008","T","RIGHT","CACATGATGCACACAGATAA",Inf,-4572.21949344059,48.0055443765585,"AGTTTTAAGTTTGAAGTTGGC",Inf,-76.005484680245,47.3917261632956,-1527.09949344059,TRUE
"204","rs58318008","T","RIGHT","TCACATGATGCACACAGAAAA",Inf,-4572.21949344059,50.5587850322111,"GAGTGGCTCAGTCCCTG",Inf,379.808519690632,50.4393082111977,-3064.32299562913,TRUE
"205","rs58318008","T","RIGHT","TCACATGATGCACACAGAGAA",Inf,-4572.21949344059,51.7492404128393,"GCAGTTTTAAGTTTGAAGTTGGC",Inf,-76.005484680245,51.8745702355431,-2342.69799562602,FALSE
"206","rs9462492","A","LEFT","GCCTTCCTGGTGGATTA",-142.880995622927,-2817.94248468643,46.9125987777865,"TCTTACCCCACAACCCT",Inf,944.918502188539,47.8016035241766,-4431.05449344058,TRUE
"207","rs9462492","A","LEFT","GCCTTCCTGGTGGATTA",-142.880995622927,-2817.94248468643,46.9125987777865,"CTCTTACCCCACAACCC",Inf,944.918502188539,47.7290267455819,-4431.05449344058,TRUE
"208","rs9462492","A","LEFT","GCCTTCCTGGTGGATTA",-142.880995622927,-2817.94248468643,46.9125987777865,"ACTCTTACCCCACAACC",Inf,944.918502188539,46.7513571089537,-4431.05449344058,TRUE
"209","rs9462492","A","LEFT","AGCCTTCCTGGTGGATTA",-142.880995622927,-2817.94248468643,48.6948105666901,"TCTTACCCCACAACCCT",Inf,944.918502188539,47.8016035241766,-4431.05449344058,TRUE
"210","rs9462492","A","LEFT","AGCCTTCCTGGTGGATTA",-142.880995622927,-2817.94248468643,48.6948105666901,"CTCTTACCCCACAACCCT",Inf,944.918502188539,49.4617669253757,-4431.05449344058,TRUE
"211","rs9462492","A","LEFT","AGCCTTCCTGGTGGATTA",-142.880995622927,-2817.94248468643,48.6948105666901,"CTCTTACCCCACAACCC",Inf,944.918502188539,47.7290267455819,-4431.05449344058,TRUE
"212","rs9462492","A","LEFT","CAGCCTTCCTGGTGGATTA",-142.880995622927,-2817.94248468643,50.5438692177724,"ACTCTTACCCCACAACCCT",Inf,944.918502188539,51.4097275295442,-4431.05449344058,TRUE
"213","rs9462492","A","LEFT","CAGCCTTCCTGGTGGATTA",-142.880995622927,-2817.94248468643,50.5438692177724,"ACTCTTACCCCACAACCC",Inf,944.918502188539,49.8166559077173,-4431.05449344058,TRUE
"214","rs9462492","A","LEFT","TCAGCCTTCCTGGTGGATTA",-142.880995622927,-2817.94248468643,52.0481757269031,"ACTCTTACCCCACAACCCT",Inf,944.918502188539,51.4097275295442,-4431.05449344058,FALSE
"215","rs9462492","A","LEFT","TCAGCCTTCCTGGTGGATTA",-142.880995622927,-2817.94248468643,52.0481757269031,"CACTCTTACCCCACAACCCT",Inf,944.918502188539,52.994595946951,-4431.05449344058,FALSE
"216","rs9462492","A","LEFT","TCAGCCTTCCTGGTGGATTA",-142.880995622927,-2817.94248468643,52.0481757269031,"CACTCTTACCCCACAACCC",Inf,944.918502188539,51.5642269226348,-4431.05449344058,FALSE
"217","rs9462492","A","LEFT","CTCAGCCTTCCTGGTGGATTA",-142.880995622927,-2817.94248468643,53.2128030131555,"CACTCTTACCCCACAACCCT",Inf,944.918502188539,52.994595946951,-4431.05449344058,FALSE
"218","rs9462492","A","LEFT","GCCTTCCTGGTGGAGTA",-260.550995622922,-2817.94248468643,49.0352232406605,"CTCTTACCCCACAACCCT",Inf,944.918502188539,49.4617669253757,-4431.05449344058,TRUE
"219","rs9462492","A","LEFT","GCCTTCCTGGTGGAGTA",-260.550995622922,-2817.94248468643,49.0352232406605,"ACTCTTACCCCACAACCC",Inf,944.918502188539,49.8166559077173,-4431.05449344058,TRUE
"220","rs9462492","A","LEFT","AGCCTTCCTGGTGGAGTA",-260.550995622922,-2817.94248468643,50.7358099475733,"ACTCTTACCCCACAACCCT",Inf,944.918502188539,51.4097275295442,-4431.05449344058,TRUE
"221","rs9462492","A","LEFT","AGCCTTCCTGGTGGAGTA",-260.550995622922,-2817.94248468643,50.7358099475733,"ACTCTTACCCCACAACCC",Inf,944.918502188539,49.8166559077173,-4431.05449344058,TRUE
"222","rs9462492","A","LEFT","AGCCTTCCTGGTGGAGTA",-260.550995622922,-2817.94248468643,50.7358099475733,"CACTCTTACCCCACAACCC",Inf,944.918502188539,51.5642269226348,-4431.05449344058,TRUE
"223","rs9462492","A","LEFT","CAGCCTTCCTGGTGGAGTA",-260.550995622922,-2817.94248468643,52.4402404973164,"CACTCTTACCCCACAACCCT",Inf,944.918502188539,52.994595946951,-4431.05449344058,FALSE
"224","rs9462492","A","LEFT","CAGCCTTCCTGGTGGAGTA",-260.550995622922,-2817.94248468643,52.4402404973164,"CACTCTTACCCCACAACCC",Inf,944.918502188539,51.5642269226348,-4431.05449344058,FALSE
"225","rs9462492","A","RIGHT","TCATCTGTCAAATGTTCTCTT",Inf,775.141519690646,46.9598293569432,"AACCTCCAACTCCCCT",Inf,1558.835,46.9755631646105,-1220.13799562602,TRUE
"226","rs9462492","A","RIGHT","TCATCTGTCAAATGTTCTCTT",Inf,775.141519690646,46.9598293569432,"AAACCTCCAACTCCCC",Inf,1331.95,46.1865996561516,-1220.13799562602,TRUE
"227","rs9462492","A","RIGHT","TCATCTGTCAAATGTTCTCTT",Inf,775.141519690646,46.9598293569432,"AAAACCTCCAACTCCCC",Inf,1331.95,47.3487087369992,-1220.13799562602,TRUE
"228","rs9462492","A","RIGHT","TCATCTGTCAAATGTTCTCTT",Inf,775.141519690646,46.9598293569432,"AACCTCCAACTCCCCTA",Inf,1101.5,47.0492210351189,-1220.13799562602,TRUE
"229","rs9462492","A","RIGHT","TCATCTGTCAAATGTTCTTTT",Inf,775.141519690646,45.7687132412302,"AAACCTCCAACTCCCC",Inf,1331.95,46.1865996561516,-1220.13799562602,TRUE
"230","rs9462492","A","RIGHT","TCATCTGTCAAATGTTCTTTT",Inf,775.141519690646,45.7687132412302,"AAAAACCTCCAACTCCC",Inf,1331.95,45.2400121147381,-1220.13799562602,TRUE
"231","rs9462492","A","RIGHT","TCATCTGTCAAATGTTCTTTT",Inf,775.141519690646,45.7687132412302,"ACCTCCAACTCCCCTA",Inf,1101.5,45.8389938090004,-1220.13799562602,TRUE
"232","rs9462492","A","RIGHT","TCATCTGTCAAATGTTCTGTT",Inf,775.141519690646,47.5539794448506,"AACCTCCAACTCCCCT",Inf,1558.835,46.9755631646105,-1220.13799562602,TRUE
"233","rs9462492","A","RIGHT","TCATCTGTCAAATGTTCTGTT",Inf,775.141519690646,47.5539794448506,"AAACCTCCAACTCCCCT",Inf,1331.95,48.1144654585772,-1220.13799562602,TRUE
"234","rs9462492","A","RIGHT","TCATCTGTCAAATGTTCTGTT",Inf,775.141519690646,47.5539794448506,"AAAACCTCCAACTCCCC",Inf,1331.95,47.3487087369992,-1220.13799562602,TRUE
"235","rs9462492","A","RIGHT","TCATCTGTCAAATGTTCTGTT",Inf,775.141519690646,47.5539794448506,"AAAAACCTCCAACTCCCC",Inf,1331.95,48.3812485481274,-1220.13799562602,TRUE
"236","rs9462492","A","RIGHT","TCATCTGTCAAATGTTCTGTT",Inf,775.141519690646,47.5539794448506,"AACCTCCAACTCCCCTA",Inf,1101.5,47.0492210351189,-1220.13799562602,TRUE
"237","rs9462492","A","RIGHT","CTCATCTGTCAAATGTTCTCTT",Inf,775.141519690646,48.3415817450685,"AAACCTCCAACTCCCCT",Inf,1331.95,48.1144654585772,-1220.13799562602,TRUE
"238","rs9462492","A","RIGHT","CTCATCTGTCAAATGTTCTCTT",Inf,775.141519690646,48.3415817450685,"AAAACCTCCAACTCCCCT",Inf,1331.95,49.1238766432529,-1220.13799562602,TRUE
"239","rs9462492","A","RIGHT","CTCATCTGTCAAATGTTCTCTT",Inf,775.141519690646,48.3415817450685,"AAAACCTCCAACTCCCC",Inf,1331.95,47.3487087369992,-1220.13799562602,TRUE
"240","rs9462492","A","RIGHT","CTCATCTGTCAAATGTTCTCTT",Inf,775.141519690646,48.3415817450685,"AAAAACCTCCAACTCCCC",Inf,1331.95,48.3812485481274,-1220.13799562602,TRUE
"241","rs9462492","A","RIGHT","CTCATCTGTCAAATGTTCTTTT",Inf,775.141519690646,47.2137820620927,"AACCTCCAACTCCCCT",Inf,1558.835,46.9755631646105,-1220.13799562602,TRUE
"242","rs9462492","A","RIGHT","CTCATCTGTCAAATGTTCTTTT",Inf,775.141519690646,47.2137820620927,"AAACCTCCAACTCCCCT",Inf,1331.95,48.1144654585772,-1220.13799562602,TRUE
"243","rs9462492","A","RIGHT","CTCATCTGTCAAATGTTCTTTT",Inf,775.141519690646,47.2137820620927,"AAAACCTCCAACTCCCC",Inf,1331.95,47.3487087369992,-1220.13799562602,TRUE
"244","rs9462492","A","RIGHT","CTCATCTGTCAAATGTTCTTTT",Inf,775.141519690646,47.2137820620927,"AACCTCCAACTCCCCTA",Inf,1101.5,47.0492210351189,-1220.13799562602,TRUE
"245","rs9462492","A","RIGHT","CTCATCTGTCAAATGTTCTGTT",Inf,775.141519690646,48.8975530944789,"AAACCTCCAACTCCCCT",Inf,1331.95,48.1144654585772,-1220.13799562602,TRUE
"246","rs9462492","A","RIGHT","CTCATCTGTCAAATGTTCTGTT",Inf,775.141519690646,48.8975530944789,"AAAACCTCCAACTCCCCT",Inf,1331.95,49.1238766432529,-1220.13799562602,TRUE
"247","rs9462492","A","RIGHT","CTCATCTGTCAAATGTTCTGTT",Inf,775.141519690646,48.8975530944789,"AAAAACCTCCAACTCCCC",Inf,1331.95,48.3812485481274,-1220.13799562602,TRUE
"248","rs9462492","A","RIGHT","GCTCATCTGTCAAATGTTCTTTT",Inf,775.141519690646,50.2049905067973,"AAAAACCTCCAACTCCCCT",Inf,1331.95,50.0246931304139,-1220.13799562602,TRUE
"249","rs9462492","G","LEFT","GCCTTCCTGGTGGATTG",-142.880995622927,-2817.94248468643,48.9947658711641,"CTCTTACCCCACAACCCT",Inf,944.918502188539,49.4617669253757,-4431.05449344058,TRUE
"250","rs9462492","G","LEFT","GCCTTCCTGGTGGATTG",-142.880995622927,-2817.94248468643,48.9947658711641,"ACTCTTACCCCACAACCC",Inf,944.918502188539,49.8166559077173,-4431.05449344058,TRUE
"251","rs9462492","G","LEFT","AGCCTTCCTGGTGGATTG",-142.880995622927,-2817.94248468643,50.6664699809913,"ACTCTTACCCCACAACCCT",Inf,944.918502188539,51.4097275295442,-4431.05449344058,TRUE
"252","rs9462492","G","LEFT","AGCCTTCCTGGTGGATTG",-142.880995622927,-2817.94248468643,50.6664699809913,"ACTCTTACCCCACAACCC",Inf,944.918502188539,49.8166559077173,-4431.05449344058,TRUE
"253","rs9462492","G","LEFT","AGCCTTCCTGGTGGATTG",-142.880995622927,-2817.94248468643,50.6664699809913,"CACTCTTACCCCACAACCC",Inf,944.918502188539,51.5642269226348,-4431.05449344058,TRUE
"254","rs9462492","G","LEFT","CAGCCTTCCTGGTGGATTG",-142.880995622927,-2817.94248468643,52.3472768703276,"ACTCTTACCCCACAACCCT",Inf,944.918502188539,51.4097275295442,-4431.05449344058,FALSE
"255","rs9462492","G","LEFT","CAGCCTTCCTGGTGGATTG",-142.880995622927,-2817.94248468643,52.3472768703276,"CACTCTTACCCCACAACCCT",Inf,944.918502188539,52.994595946951,-4431.05449344058,FALSE
"256","rs9462492","G","LEFT","CAGCCTTCCTGGTGGATTG",-142.880995622927,-2817.94248468643,52.3472768703276,"CACTCTTACCCCACAACCC",Inf,944.918502188539,51.5642269226348,-4431.05449344058,FALSE
"257","rs9462492","G","LEFT","TCAGCCTTCCTGGTGGATTG",-142.880995622927,-2817.94248468643,53.7615842547529,"CACTCTTACCCCACAACCCT",Inf,944.918502188539,52.994595946951,-4431.05449344058,FALSE
"258","rs9462492","G","LEFT","GCCTTCCTGGTGGAGTG",-260.550995622922,-2817.94248468643,51.0698819790686,"ACTCTTACCCCACAACCCT",Inf,944.918502188539,51.4097275295442,-4431.05449344058,TRUE
"259","rs9462492","G","LEFT","GCCTTCCTGGTGGAGTG",-260.550995622922,-2817.94248468643,51.0698819790686,"CACTCTTACCCCACAACCC",Inf,944.918502188539,51.5642269226348,-3303.91898468644,TRUE
"260","rs9462492","G","LEFT","AGCCTTCCTGGTGGAGTG",-260.550995622922,-2817.94248468643,52.6634949357106,"CACTCTTACCCCACAACCCT",Inf,944.918502188539,52.994595946951,-3303.91898468644,FALSE
"261","rs9462492","G","RIGHT","TCATCTGTCAAATGTTCTCTC",Inf,775.141519690646,47.5468844098207,"AACCTCCAACTCCCCT",Inf,1558.835,46.9755631646105,-1220.13799562602,TRUE
"262","rs9462492","G","RIGHT","TCATCTGTCAAATGTTCTCTC",Inf,775.141519690646,47.5468844098207,"AAACCTCCAACTCCCCT",Inf,1331.95,48.1144654585772,-1220.13799562602,TRUE
"263","rs9462492","G","RIGHT","TCATCTGTCAAATGTTCTCTC",Inf,775.141519690646,47.5468844098207,"AAAACCTCCAACTCCCC",Inf,1331.95,47.3487087369992,-1220.13799562602,TRUE
"264","rs9462492","G","RIGHT","TCATCTGTCAAATGTTCTCTC",Inf,775.141519690646,47.5468844098207,"AAAAACCTCCAACTCCCC",Inf,1331.95,48.3812485481274,-1220.13799562602,TRUE
"265","rs9462492","G","RIGHT","TCATCTGTCAAATGTTCTCTC",Inf,775.141519690646,47.5468844098207,"AACCTCCAACTCCCCTA",Inf,1101.5,47.0492210351189,-1220.13799562602,TRUE
"266","rs9462492","G","RIGHT","TCATCTGTCAAATGTTCTTTC",Inf,775.141519690646,46.3708781431253,"AACCTCCAACTCCCCT",Inf,1558.835,46.9755631646105,-1220.13799562602,TRUE
"267","rs9462492","G","RIGHT","TCATCTGTCAAATGTTCTTTC",Inf,775.141519690646,46.3708781431253,"AAACCTCCAACTCCCC",Inf,1331.95,46.1865996561516,-1220.13799562602,TRUE
"268","rs9462492","G","RIGHT","TCATCTGTCAAATGTTCTTTC",Inf,775.141519690646,46.3708781431253,"AAAACCTCCAACTCCCC",Inf,1331.95,47.3487087369992,-1220.13799562602,TRUE
"269","rs9462492","G","RIGHT","TCATCTGTCAAATGTTCTTTC",Inf,775.141519690646,46.3708781431253,"ACCTCCAACTCCCCTA",Inf,1101.5,45.8389938090004,-1220.13799562602,TRUE
"270","rs9462492","G","RIGHT","TCATCTGTCAAATGTTCTTTC",Inf,775.141519690646,46.3708781431253,"AACCTCCAACTCCCCTA",Inf,1101.5,47.0492210351189,-1220.13799562602,TRUE
"271","rs9462492","G","RIGHT","TCATCTGTCAAATGTTCTGTC",Inf,775.141519690646,48.1305626786524,"AAACCTCCAACTCCCCT",Inf,1331.95,48.1144654585772,-1220.13799562602,TRUE
"272","rs9462492","G","RIGHT","TCATCTGTCAAATGTTCTGTC",Inf,775.141519690646,48.1305626786524,"AAAACCTCCAACTCCCCT",Inf,1331.95,49.1238766432529,-1220.13799562602,TRUE
"273","rs9462492","G","RIGHT","TCATCTGTCAAATGTTCTGTC",Inf,775.141519690646,48.1305626786524,"AAAACCTCCAACTCCCC",Inf,1331.95,47.3487087369992,-1220.13799562602,TRUE
"274","rs9462492","G","RIGHT","TCATCTGTCAAATGTTCTGTC",Inf,775.141519690646,48.1305626786524,"AAAAACCTCCAACTCCCC",Inf,1331.95,48.3812485481274,-1220.13799562602,TRUE
"275","rs9462492","G","RIGHT","CTCATCTGTCAAATGTTCTCTC",Inf,775.141519690646,48.8780566561609,"AAACCTCCAACTCCCCT",Inf,1331.95,48.1144654585772,-1220.13799562602,TRUE
"276","rs9462492","G","RIGHT","CTCATCTGTCAAATGTTCTCTC",Inf,775.141519690646,48.8780566561609,"AAAACCTCCAACTCCCCT",Inf,1331.95,49.1238766432529,-1220.13799562602,TRUE
"277","rs9462492","G","RIGHT","CTCATCTGTCAAATGTTCTCTC",Inf,775.141519690646,48.8780566561609,"AAAAACCTCCAACTCCCC",Inf,1331.95,48.3812485481274,-1220.13799562602,TRUE
"278","rs9462492","G","RIGHT","CTCATCTGTCAAATGTTCTTTC",Inf,775.141519690646,47.763819425648,"AACCTCCAACTCCCCT",Inf,1558.835,46.9755631646105,-1220.13799562602,TRUE
"279","rs9462492","G","RIGHT","CTCATCTGTCAAATGTTCTTTC",Inf,775.141519690646,47.763819425648,"AAACCTCCAACTCCCCT",Inf,1331.95,48.1144654585772,-1220.13799562602,TRUE
"280","rs9462492","G","RIGHT","CTCATCTGTCAAATGTTCTTTC",Inf,775.141519690646,47.763819425648,"AAAACCTCCAACTCCCC",Inf,1331.95,47.3487087369992,-1220.13799562602,TRUE
"281","rs9462492","G","RIGHT","CTCATCTGTCAAATGTTCTTTC",Inf,775.141519690646,47.763819425648,"AAAAACCTCCAACTCCCC",Inf,1331.95,48.3812485481274,-1220.13799562602,TRUE
"282","rs9462492","G","RIGHT","CTCATCTGTCAAATGTTCTTTC",Inf,775.141519690646,47.763819425648,"AACCTCCAACTCCCCTA",Inf,1101.5,47.0492210351189,-1220.13799562602,TRUE
"283","rs9462492","G","RIGHT","CTCATCTGTCAAATGTTCTGTC",Inf,775.141519690646,49.4248146908058,"AAAACCTCCAACTCCCCT",Inf,1331.95,49.1238766432529,-1220.13799562602,TRUE
"284","rs9462492","G","RIGHT","CTCATCTGTCAAATGTTCTGTC",Inf,775.141519690646,49.4248146908058,"AAAAACCTCCAACTCCCCT",Inf,1331.95,50.0246931304139,-1220.13799562602,TRUE
"285","rs9462492","G","RIGHT","GCTCATCTGTCAAATGTTCTTTC",Inf,775.141519690646,50.692204607763,"AAAAACCTCCAACTCCCCT",Inf,1331.95,50.0246931304139,-1220.13799562602,TRUE
"286","rs9939609","A","LEFT","CGACTGCTGTGAATCTA",Inf,-3913.20248905731,45.0006313810026,"ATAGTTTCGATCTATTGACCT",Inf,126.041524073924,45.6621153038442,-2030.09299562602,TRUE
"287","rs9939609","A","LEFT","CGACTGCTGTGAATGTA",Inf,-3913.20248905731,45.7172067428268,"ATAGTTTCGATCTATTGACCT",Inf,126.041524073924,45.6621153038442,-2030.09299562602,TRUE
"288","rs9939609","A","LEFT","GCGACTGCTGTGAATCTA",51.6705021854359,-3913.20248905731,48.8684907956626,"ATAGTTTCGATCTATTGACCTCAT",Inf,126.041524073924,49.3119402047364,-2787.99299562602,TRUE
"289","rs9939609","A","LEFT","GCGACTGCTGTGAATCTA",51.6705021854359,-3913.20248905731,48.8684907956626,"ATAGTTTCGATCTATTGACCTCA",Inf,126.041524073924,48.8131971640532,-2787.99299562602,TRUE
"290","rs9939609","A","LEFT","GCGACTGCTGTGAATCTA",51.6705021854359,-3913.20248905731,48.8684907956626,"GCCTCCCAAAGTCCTG",Inf,-532.346497817662,47.8806930346155,-2215.81949343748,TRUE
"291","rs9939609","A","LEFT","GCGACTGCTGTGAATTTA",51.6705021854359,-3913.20248905731,47.5271768726277,"ATAGTTTCGATCTATTGACCTC",Inf,126.041524073924,47.1535763569344,-2787.99299562602,TRUE
"292","rs9939609","A","LEFT","GCGACTGCTGTGAATTTA",51.6705021854359,-3913.20248905731,47.5271768726277,"GCCTCCCAAAGTCCTG",Inf,-532.346497817662,47.8806930346155,-2215.81949343748,TRUE
"293","rs9939609","A","LEFT","GCGACTGCTGTGAATGTA",51.6705021854359,-3913.20248905731,49.5265519835175,"ATAGTTTCGATCTATTGACCTCAT",Inf,126.041524073924,49.3119402047364,-2787.99299562602,TRUE
"294","rs9939609","A","LEFT","GCGACTGCTGTGAATGTA",51.6705021854359,-3913.20248905731,49.5265519835175,"ATAGTTTCGATCTATTGACCTCA",Inf,126.041524073924,48.8131971640532,-2787.99299562602,TRUE
"295","rs9939609","A","LEFT","TGCGACTGCTGTGAATCTA",-259.044497814568,-3913.20248905731,50.7609636058107,"ATAGTTTCGATCTATTGACCTCATG",Inf,126.041524073924,50.6762331290653,-2787.99299562602,TRUE
"296","rs9939609","A","LEFT","TGCGACTGCTGTGAATTTA",-259.044497814568,-3913.20248905731,49.4645745806437,"ATAGTTTCGATCTATTGACCTCAT",Inf,126.041524073924,49.3119402047364,-2787.99299562602,TRUE
"297","rs9939609","A","LEFT","TGCGACTGCTGTGAATTTA",-259.044497814568,-3913.20248905731,49.4645745806437,"ATAGTTTCGATCTATTGACCTCA",Inf,126.041524073924,48.8131971640532,-2787.99299562602,TRUE
"298","rs9939609","A","LEFT","TGCGACTGCTGTGAATGTA",-259.044497814568,-3913.20248905731,51.386662307377,"ATAGTTTCGATCTATTGACCTCATG",Inf,126.041524073924,50.6762331290653,-2787.99299562602,TRUE
"299","rs9939609","A","LEFT","TTGCGACTGCTGTGAATCTA",-259.044497814568,-3913.20248905731,51.5003255622454,"ATAGTTTCGATCTATTGACCTCATG",Inf,126.041524073924,50.6762331290653,-2787.99299562602,TRUE
"300","rs9939609","A","LEFT","TTGCGACTGCTGTGAATTTA",-259.044497814568,-3913.20248905731,50.2653556675261,"ATAGTTTCGATCTATTGACCTCATG",Inf,126.041524073924,50.6762331290653,-2787.99299562602,TRUE
"301","rs9939609","A","LEFT","TTGCGACTGCTGTGAATTTA",-259.044497814568,-3913.20248905731,50.2653556675261,"ATAGTTTCGATCTATTGACCTCAT",Inf,126.041524073924,49.3119402047364,-2787.99299562602,TRUE
"302","rs9939609","A","RIGHT","ATCCAAGTGCATCGCT",Inf,-3207.16949343438,47.1277224988904,"AGGAGAGGAGAAAGTGAG",Inf,465.225,46.2118992034499,-2391.94799562602,TRUE
"303","rs9939609","A","RIGHT","ATCCAAGTGCATCGCT",Inf,-3207.16949343438,47.1277224988904,"TAGGAGAGGAGAAAGTGAG",Inf,458.639999999999,46.3148097739924,-2391.94799562602,TRUE
"304","rs9939609","A","RIGHT","ATCCAAGTGCATCCCT",Inf,-3207.16949343438,45.4432411323137,"AGGAGAGGAGAAAGTGAG",Inf,465.225,46.2118992034499,-2391.94799562602,TRUE
"305","rs9939609","A","RIGHT","ATCCAAGTGCATCCCT",Inf,-3207.16949343438,45.4432411323137,"TAGGAGAGGAGAAAGTGAG",Inf,458.639999999999,46.3148097739924,-2482.73299562602,TRUE
"306","rs9939609","A","RIGHT","ATCCAAGTGCATCCCT",Inf,-3207.16949343438,45.4432411323137,"CAGTTCCAGTCATTTTTGA",Inf,-386.66799562292,45.1513948591177,-1227.09299562603,TRUE
"307","rs9939609","A","RIGHT","ATCCAAGTGCATCCCT",Inf,-3207.16949343438,45.4432411323137,"ACAGTTCCAGTCATTTTTG",Inf,-463.926497814566,45.4541014396663,-1190.06449343748,TRUE
"308","rs9939609","A","RIGHT","TATCCAAGTGCATCGCT",Inf,-3207.16949343438,47.1898061133733,"AGGAGAGGAGAAAGTGAG",Inf,465.225,46.2118992034499,-2391.94799562602,TRUE
"309","rs9939609","A","RIGHT","TATCCAAGTGCATCGCT",Inf,-3207.16949343438,47.1898061133733,"TAGGAGAGGAGAAAGTGAG",Inf,458.639999999999,46.3148097739924,-2391.94799562602,TRUE
"310","rs9939609","A","RIGHT","TATCCAAGTGCATCCCT",Inf,-3207.16949343438,45.6037369230677,"AGGAGAGGAGAAAGTGAG",Inf,465.225,46.2118992034499,-2391.94799562602,TRUE
"311","rs9939609","A","RIGHT","TATCCAAGTGCATCCCT",Inf,-3207.16949343438,45.6037369230677,"TAGGAGAGGAGAAAGTGAG",Inf,458.639999999999,46.3148097739924,-2482.73299562602,TRUE
"312","rs9939609","A","RIGHT","TATCCAAGTGCATCCCT",Inf,-3207.16949343438,45.6037369230677,"CAGTTCCAGTCATTTTTGA",Inf,-386.66799562292,45.1513948591177,-1227.09299562603,TRUE
"313","rs9939609","A","RIGHT","TATCCAAGTGCATCCCT",Inf,-3207.16949343438,45.6037369230677,"ACAGTTCCAGTCATTTTTG",Inf,-463.926497814566,45.4541014396663,-1190.06449343748,TRUE
"314","rs9939609","T","LEFT","CGACTGCTGTGAATCTT",Inf,-3913.20248905731,46.0061419988377,"ATAGTTTCGATCTATTGACCT",Inf,126.041524073924,45.6621153038442,-2030.09299562602,FALSE
"315","rs9939609","T","LEFT","CGACTGCTGTGAATGTT",Inf,-3913.20248905731,46.7165344324959,"ATAGTTTCGATCTATTGACCTC",Inf,126.041524073924,47.1535763569344,-2030.09299562602,FALSE
"316","rs9939609","T","LEFT","GCGACTGCTGTGAATCTT",51.6705021854359,-3913.20248905731,49.8073407361701,"ATAGTTTCGATCTATTGACCTCATG",Inf,126.041524073924,50.6762331290653,-2787.99299562602,FALSE
"317","rs9939609","T","LEFT","GCGACTGCTGTGAATCTT",51.6705021854359,-3913.20248905731,49.8073407361701,"ATAGTTTCGATCTATTGACCTCAT",Inf,126.041524073924,49.3119402047364,-2787.99299562602,FALSE
"318","rs9939609","T","LEFT","GCGACTGCTGTGAATCTT",51.6705021854359,-3913.20248905731,49.8073407361701,"ATAGTTTCGATCTATTGACCTCA",Inf,126.041524073924,48.8131971640532,-2787.99299562602,FALSE
"319","rs9939609","T","LEFT","GCGACTGCTGTGAATTTT",51.6705021854359,-3913.20248905731,48.4662107041133,"ATAGTTTCGATCTATTGACCTCAT",Inf,126.041524073924,49.3119402047364,-2787.99299562602,FALSE
"320","rs9939609","T","LEFT","GCGACTGCTGTGAATTTT",51.6705021854359,-3913.20248905731,48.4662107041133,"ATAGTTTCGATCTATTGACCTCA",Inf,126.041524073924,48.8131971640532,-2787.99299562602,FALSE
"321","rs9939609","T","LEFT","GCGACTGCTGTGAATTTT",51.6705021854359,-3913.20248905731,48.4662107041133,"GCCTCCCAAAGTCCTG",Inf,-532.346497817662,47.8806930346155,-2215.81949343748,FALSE
"322","rs9939609","T","LEFT","GCGACTGCTGTGAATGTT",51.6705021854359,-3913.20248905731,50.4599869946758,"ATAGTTTCGATCTATTGACCTCATG",Inf,126.041524073924,50.6762331290653,-2787.99299562602,FALSE
"323","rs9939609","T","LEFT","TGCGACTGCTGTGAATCTT",-259.044497814568,-3913.20248905731,51.6610916780554,"ATAGTTTCGATCTATTGACCTCATG",Inf,126.041524073924,50.6762331290653,-2787.99299562602,FALSE
"324","rs9939609","T","LEFT","TGCGACTGCTGTGAATTTT",-259.044497814568,-3913.20248905731,50.36489297379,"ATAGTTTCGATCTATTGACCTCATG",Inf,126.041524073924,50.6762331290653,-2787.99299562602,FALSE
"325","rs9939609","T","LEFT","TTGCGACTGCTGTGAATTTT",-259.044497814568,-3913.20248905731,51.1203048423419,"ATAGTTTCGATCTATTGACCTCATG",Inf,126.041524073924,50.6762331290653,-2787.99299562602,FALSE
"326","rs9939609","T","RIGHT","ATCCAAGTGCATCCCA",Inf,-3207.16949343438,45.8711008065063,"AGGAGAGGAGAAAGTGAG",Inf,465.225,46.2118992034499,-2391.94799562602,FALSE
"327","rs9939609","T","RIGHT","ATCCAAGTGCATCCCA",Inf,-3207.16949343438,45.8711008065063,"TAGGAGAGGAGAAAGTGAG",Inf,458.639999999999,46.3148097739924,-2391.94799562602,FALSE
"328","rs9939609","T","RIGHT","ATCCAAGTGCATCCCA",Inf,-3207.16949343438,45.8711008065063,"CAGTTCCAGTCATTTTTGA",Inf,-386.66799562292,45.1513948591177,-1227.09299562603,FALSE
"329","rs9939609","T","RIGHT","ATCCAAGTGCATCCCA",Inf,-3207.16949343438,45.8711008065063,"ACAGTTCCAGTCATTTTTG",Inf,-463.926497814566,45.4541014396663,-1190.06449343748,FALSE
"330","rs9939609","T","RIGHT","TATCCAAGTGCATCCCA",Inf,-3207.16949343438,46.0064870586514,"AGGAGAGGAGAAAGTGAG",Inf,465.225,46.2118992034499,-2391.94799562602,FALSE
"331","rs9939609","T","RIGHT","TATCCAAGTGCATCCCA",Inf,-3207.16949343438,46.0064870586514,"TAGGAGAGGAGAAAGTGAG",Inf,458.639999999999,46.3148097739924,-2391.94799562602,FALSE
"332","rs9939609","T","RIGHT","TATCCAAGTGCATCCCA",Inf,-3207.16949343438,46.0064870586514,"CAGTTCCAGTCATTTTTGA",Inf,-386.66799562292,45.1513948591177,-1227.09299562603,FALSE
"333","rs9939609","T","RIGHT","TATCCAAGTGCATCCCA",Inf,-3207.16949343438,46.0064870586514,"ACAGTTCCAGTCATTTTTG",Inf,-463.926497814566,45.4541014396663,-1190.06449343748,FALSE
"334","rs9939609","T","RIGHT","CTATCCAAGTGCATCACA",288.699004370872,-3207.16949343438,45.8944165247478,"AGGAGAGGAGAAAGTGAG",Inf,465.225,46.2118992034499,-3134.24949343748,FALSE
"335","rs9939609","T","RIGHT","CTATCCAAGTGCATCACA",288.699004370872,-3207.16949343438,45.8944165247478,"TAGGAGAGGAGAAAGTGAG",Inf,458.639999999999,46.3148097739924,-3134.24949343748,FALSE
"336","rs9939609","T","RIGHT","CTATCCAAGTGCATCACA",288.699004370872,-3207.16949343438,45.8944165247478,"CAGTTCCAGTCATTTTTGA",Inf,-386.66799562292,45.1513948591177,-1227.09299562603,FALSE
"337","rs9939609","T","RIGHT","CTATCCAAGTGCATCACA",288.699004370872,-3207.16949343438,45.8944165247478,"ACAGTTCCAGTCATTTTTG",Inf,-463.926497814566,45.4541014396663,-1190.06449343748,FALSE
